<?xml version="1.0" encoding="UTF-8"?>
<metadata xml:lang="de"><Esri><CreaDate>20160504</CreaDate><CreaTime>12545700</CreaTime><ArcGISFormat>1.0</ArcGISFormat><SyncOnce>FALSE</SyncOnce><DataProperties><lineage><Process ToolSource="c:\program files (x86)\arcgis\desktop10.2\ArcToolbox\Toolboxes\Data Management Tools.tbx\CalculateField" Date="20140729" Time="180148">CalculateField gem_2015_1 GEMNR !GEMNR6![1:] PYTHON_9.3 #</Process><Process ToolSource="c:\program files (x86)\arcgis\desktop10.2\ArcToolbox\Toolboxes\Data Management Tools.tbx\CalculateField" Date="20140729" Time="180337">CalculateField gem_2015_1 GEMNAM "Stadl-Predlitz" VB #</Process><Process ToolSource="c:\program files (x86)\arcgis\desktop10.2\ArcToolbox\Toolboxes\Data Management Tools.tbx\ChangePrivileges" Date="20140729" Time="182920">ChangePrivileges 'Database Connections\BD_schreib.sde\bd.BDA.grenzen\bd.BDA.gem_2015_entwurf_intern' gis GRANT #</Process><Process ToolSource="c:\program files (x86)\arcgis\desktop10.2\ArcToolbox\Toolboxes\Data Management Tools.tbx\CalculateField" Date="20140924" Time="101422">CalculateField bd.BDA.gem_2015_entwurf_intern GEMNAM "Hartl" VB #</Process><Process ToolSource="c:\program files (x86)\arcgis\desktop10.2\ArcToolbox\Toolboxes\Data Management Tools.tbx\DeleteFeatures" Date="20141009" Time="091023">DeleteFeatures "Database Connections\BD_schreib.sde\bd.BDA.grenzen\bd.BDA.gem_2015_entwurf_intern"</Process><Process ToolSource="c:\program files (x86)\arcgis\desktop10.2\ArcToolbox\Toolboxes\Data Management Tools.tbx\Append" Date="20141009" Time="091158">Append Gemeinden2015 bd.BDA.gem_2015_entwurf_intern NO_TEST "GEMNR6 "GEMNR6" true true false 5 Text 0 0 ,First,#,C:\div\102-14Wirtschaft\2014\Breitband2015\Breitband2015arbeit.gdb\Gemeinden2015,GEMNR6,-1,-1;GEMNR "GEMNR" true true false 4 Text 0 0 ,First,#,C:\div\102-14Wirtschaft\2014\Breitband2015\Breitband2015arbeit.gdb\Gemeinden2015,GEMNR,-1,-1;GEMNAM "GEMNAM" true true false 79 Text 0 0 ,First,#,C:\div\102-14Wirtschaft\2014\Breitband2015\Breitband2015arbeit.gdb\Gemeinden2015,GEMNAM,-1,-1;GEMNAM_KUR "GEMNAM_KUR" true true false 60 Text 0 0 ,First,#,C:\div\102-14Wirtschaft\2014\Breitband2015\Breitband2015arbeit.gdb\Gemeinden2015,GEMNAM_KUR,-1,-1;BEZNR6 "BEZNR6" true true false 3 Text 0 0 ,First,#,C:\div\102-14Wirtschaft\2014\Breitband2015\Breitband2015arbeit.gdb\Gemeinden2015,BEZNR6,-1,-1;KFZ "KFZ" true true false 2 Text 0 0 ,First,#,C:\div\102-14Wirtschaft\2014\Breitband2015\Breitband2015arbeit.gdb\Gemeinden2015,KFZ,-1,-1;BEZNAM "BEZNAM" true true false 60 Text 0 0 ,First,#,C:\div\102-14Wirtschaft\2014\Breitband2015\Breitband2015arbeit.gdb\Gemeinden2015,BEZNAM,-1,-1;SHAPE.area "SHAPE.area" false false true 0 Double 0 0 ,First,#;SHAPE.len "SHAPE.len" false false true 0 Double 0 0 ,First,#" #</Process><Process ToolSource="c:\program files (x86)\arcgis\desktop10.2\ArcToolbox\Toolboxes\Data Management Tools.tbx\CalculateField" Date="20141120" Time="084451">CalculateField bd.BDA.gem_2015_entwurf_intern GEMNR6_Z [GEMNR6] VB #</Process><Process ToolSource="c:\program files (x86)\arcgis\desktop10.2\ArcToolbox\Toolboxes\Data Management Tools.tbx\CalculateField" Date="20141120" Time="084524">CalculateField bd.BDA.gem_2015_entwurf_intern GEMNR6_Z [GEMNR6] VB #</Process><Process ToolSource="c:\program files (x86)\arcgis\desktop10.2\ArcToolbox\Toolboxes\Data Management Tools.tbx\DeleteFeatures" Date="20141211" Time="083426">DeleteFeatures bd.BDA.gem_2015_entwurf_intern</Process><Process ToolSource="c:\program files (x86)\arcgis\desktop10.2\ArcToolbox\Toolboxes\Data Management Tools.tbx\Append" Date="20141211" Time="083456">Append gem2015 bd.BDA.gem_2015_entwurf_intern NO_TEST "GEMNR6 "GEMNR6" true true false 5 Text 0 0 ,First,#,C:\Users\aschauer\Documents\ArcGIS\Default.gdb\gem2015,GEMNR6,-1,-1;GEMNR "GEMNR" true true false 4 Text 0 0 ,First,#,C:\Users\aschauer\Documents\ArcGIS\Default.gdb\gem2015,GEMNR,-1,-1;GEMNAM "GEMNAM" true true false 79 Text 0 0 ,First,#,C:\Users\aschauer\Documents\ArcGIS\Default.gdb\gem2015,GEMNAM,-1,-1;GEMNAM_KUR "GEMNAM_KUR" true true false 60 Text 0 0 ,First,#,C:\Users\aschauer\Documents\ArcGIS\Default.gdb\gem2015,GEMNAM_KUR,-1,-1;BEZNR6 "BEZNR6" true true false 3 Text 0 0 ,First,#,C:\Users\aschauer\Documents\ArcGIS\Default.gdb\gem2015,BEZNR6,-1,-1;GEMNR6_Z "GEMNR6_Z" true true false 4 Long 0 10 ,First,#,C:\Users\aschauer\Documents\ArcGIS\Default.gdb\gem2015,GEMNR6_Z,-1,-1;SHAPE.area "SHAPE.area" false false true 0 Double 0 0 ,First,#;SHAPE.len "SHAPE.len" false false true 0 Double 0 0 ,First,#" #</Process><Process ToolSource="c:\program files (x86)\arcgis\desktop10.2\ArcToolbox\Toolboxes\Data Management Tools.tbx\ChangePrivileges" Date="20141222" Time="151133">ChangePrivileges 'Database Connections\BD_schreib.sde\bd.BDA.grenzen\bd.BDA.arbbez';'Database Connections\BD_schreib.sde\bd.BDA.grenzen\bd.BDA.bbl';'Database Connections\BD_schreib.sde\bd.BDA.grenzen\bd.BDA.bbl_2012';'Database Connections\BD_schreib.sde\bd.BDA.grenzen\bd.BDA.bez';'Database Connections\BD_schreib.sde\bd.BDA.grenzen\bd.BDA.bez_2012';'Database Connections\BD_schreib.sde\bd.BDA.grenzen\bd.BDA.bez_2014';'Database Connections\BD_schreib.sde\bd.BDA.grenzen\bd.BDA.bez_l';'Database Connections\BD_schreib.sde\bd.BDA.grenzen\bd.BDA.bez_l_2012';'Database Connections\BD_schreib.sde\bd.BDA.grenzen\bd.BDA.bezgraz';'Database Connections\BD_schreib.sde\bd.BDA.grenzen\bd.BDA.bezgraz_l';'Database Connections\BD_schreib.sde\bd.BDA.grenzen\bd.BDA.bezpolexp';'Database Connections\BD_schreib.sde\bd.BDA.grenzen\bd.BDA.bezpolexp_kfz';'Database Connections\BD_schreib.sde\bd.BDA.grenzen\bd.BDA.bezpolexp_l';'Database Connections\BD_schreib.sde\bd.BDA.grenzen\bd.BDA.bfi';'Database Connections\BD_schreib.sde\bd.BDA.grenzen\bd.BDA.bfi_2011';'Database Connections\BD_schreib.sde\bd.BDA.grenzen\bd.BDA.bhs_standorte_2013';'Database Connections\BD_schreib.sde\bd.BDA.grenzen\bd.BDA.future_region';'Database Connections\BD_schreib.sde\bd.BDA.grenzen\bd.BDA.gem';'Database Connections\BD_schreib.sde\bd.BDA.grenzen\bd.BDA.gem_2012';'Database Connections\BD_schreib.sde\bd.BDA.grenzen\bd.BDA.gem_2014';'Database Connections\BD_schreib.sde\bd.BDA.grenzen\bd.BDA.gem_l';'Database Connections\BD_schreib.sde\bd.BDA.grenzen\bd.BDA.gemslo';'Database Connections\BD_schreib.sde\bd.BDA.grenzen\bd.BDA.gerbez';'Database Connections\BD_schreib.sde\bd.BDA.grenzen\bd.BDA.gerbez_2014';'Database Connections\BD_schreib.sde\bd.BDA.grenzen\bd.BDA.gerbez_l';'Database Connections\BD_schreib.sde\bd.BDA.grenzen\bd.BDA.grenzuebg';'Database Connections\BD_schreib.sde\bd.BDA.grenzen\bd.BDA.katgem';'Database Connections\BD_schreib.sde\bd.BDA.grenzen\bd.BDA.katgem_2014';'Database Connections\BD_schreib.sde\bd.BDA.grenzen\bd.BDA.katgem_l';'Database Connections\BD_schreib.sde\bd.BDA.grenzen\bd.BDA.katgem_vadienst';'Database Connections\BD_schreib.sde\bd.BDA.grenzen\bd.BDA.katgem_vermbez';'Database Connections\BD_schreib.sde\bd.BDA.grenzen\bd.BDA.KathPfarren';'Database Connections\BD_schreib.sde\bd.BDA.grenzen\bd.BDA.kehrgeb';'Database Connections\BD_schreib.sde\bd.BDA.grenzen\bd.BDA.kleinreg';'Database Connections\BD_schreib.sde\bd.BDA.grenzen\bd.BDA.kleinreg_l';'Database Connections\BD_schreib.sde\bd.BDA.grenzen\bd.BDA.lan_l';'Database Connections\BD_schreib.sde\bd.BDA.grenzen\bd.BDA.lan_neg';'Database Connections\BD_schreib.sde\bd.BDA.grenzen\bd.BDA.lan_stmk';'Database Connections\BD_schreib.sde\bd.BDA.grenzen\bd.BDA.nuts3';'Database Connections\BD_schreib.sde\bd.BDA.grenzen\bd.BDA.orte_laut_adressen';'Database Connections\BD_schreib.sde\bd.BDA.grenzen\bd.BDA.ortevw';'Database Connections\BD_schreib.sde\bd.BDA.grenzen\bd.BDA.plzgeb';'Database Connections\BD_schreib.sde\bd.BDA.grenzen\bd.BDA.schulbez';'Database Connections\BD_schreib.sde\bd.BDA.grenzen\bd.BDA.standesamt';'Database Connections\BD_schreib.sde\bd.BDA.grenzen\bd.BDA.standesamt_verb';'Database Connections\BD_schreib.sde\bd.BDA.grenzen\bd.BDA.strmei';'Database Connections\BD_schreib.sde\bd.BDA.grenzen\bd.BDA.wahlkr';'Database Connections\BD_schreib.sde\bd.BDA.grenzen\bd.BDA.zaehlspr' gis GRANT #</Process><Process ToolSource="c:\program files (x86)\arcgis\desktop10.2\ArcToolbox\Toolboxes\Data Management Tools.tbx\CalculateField" Date="20141223" Time="114335">CalculateField bd.BDA.gem GEMNAM_KUR "Spital" VB #</Process><Process ToolSource="c:\program files (x86)\arcgis\desktop10.3\ArcToolbox\Toolboxes\Data Management Tools.tbx\ChangePrivileges" Date="20151009" Time="103147">ChangePrivileges 'Database Connections\BD_schreib.sde\bd.BDA.grenzen\bd.BDA.Gem_2016' GIS GRANT #</Process><Process Name="Truncate Table (2)" ToolSource="c:\program files (x86)\arcgis\desktop10.3\ArcToolbox\Toolboxes\Data Management Tools.tbx\TruncateTable" Date="20160307" Time="162224">TruncateTable "Database Connections\BD_schreib.sde\bd.BDA.grenzen\bd.BDA.gem"</Process><Process Name="Append (2)" ToolSource="c:\program files (x86)\arcgis\desktop10.3\ArcToolbox\Toolboxes\Data Management Tools.tbx\Append" Date="20160307" Time="162227">Append E:\div\71-01KatasterGrundbuch\2016\NeueLandesgrenzeGemBezLan\GemBezLan.gdb\bd_BDA_gem "Database Connections\BD_schreib.sde\bd.BDA.grenzen\bd.BDA.gem" NO_TEST "GEMNR6 "GEMNR6" true true false 5 Text 0 0 ,First,#,E:\div\71-01KatasterGrundbuch\2016\NeueLandesgrenzeGemBezLan\GemBezLan.gdb\bd_BDA_gem,GEMNR6,-1,-1;GEMNR "GEMNR" true true false 4 Text 0 0 ,First,#,E:\div\71-01KatasterGrundbuch\2016\NeueLandesgrenzeGemBezLan\GemBezLan.gdb\bd_BDA_gem,GEMNR,-1,-1;GEMNAM "GEMNAM" true true false 79 Text 0 0 ,First,#,E:\div\71-01KatasterGrundbuch\2016\NeueLandesgrenzeGemBezLan\GemBezLan.gdb\bd_BDA_gem,GEMNAM,-1,-1;GEMNAM_KUR "GEMNAM_KUR" true true false 60 Text 0 0 ,First,#,E:\div\71-01KatasterGrundbuch\2016\NeueLandesgrenzeGemBezLan\GemBezLan.gdb\bd_BDA_gem,GEMNAM_KUR,-1,-1;BEZNR6 "BEZNR6" true true false 3 Text 0 0 ,First,#,E:\div\71-01KatasterGrundbuch\2016\NeueLandesgrenzeGemBezLan\GemBezLan.gdb\bd_BDA_gem,BEZNR6,-1,-1;GEMNR6_Z "GEMNR6_Z" true true false 4 Long 0 10 ,First,#,E:\div\71-01KatasterGrundbuch\2016\NeueLandesgrenzeGemBezLan\GemBezLan.gdb\bd_BDA_gem,GEMNR6_Z,-1,-1;Shape.area "Shape.area" false false true 0 Double 0 0 ,First,#;Shape.len "Shape.len" false false true 0 Double 0 0 ,First,#" #</Process></lineage><itemProps><itemLocation><linkage Sync="TRUE">Server=gisdb01; Service=sde:sqlserver:gisdb01\bda; Database=bd; User=bda; Version=sde.DEFAULT</linkage><protocol Sync="TRUE">ArcSDE Connection</protocol></itemLocation><itemName Sync="TRUE">bd.BDA.Gem_2016</itemName><imsContentType Sync="TRUE">002</imsContentType></itemProps><coordRef><type Sync="TRUE">Projected</type><geogcsn Sync="TRUE">GCS_WGS_1984</geogcsn><csUnits Sync="TRUE">Linear Unit: Meter (1.000000)</csUnits><projcsn Sync="TRUE">WGS_1984_UTM_Zone_33N</projcsn><peXml Sync="TRUE">&lt;ProjectedCoordinateSystem xsi:type='typens:ProjectedCoordinateSystem' xmlns:xsi='http://www.w3.org/2001/XMLSchema-instance' xmlns:xs='http://www.w3.org/2001/XMLSchema' xmlns:typens='http://www.esri.com/schemas/ArcGIS/10.3'&gt;&lt;WKT&gt;PROJCS[&amp;quot;WGS_1984_UTM_Zone_33N&amp;quot;,GEOGCS[&amp;quot;GCS_WGS_1984&amp;quot;,DATUM[&amp;quot;D_WGS_1984&amp;quot;,SPHEROID[&amp;quot;WGS_1984&amp;quot;,6378137.0,298.257223563]],PRIMEM[&amp;quot;Greenwich&amp;quot;,0.0],UNIT[&amp;quot;Degree&amp;quot;,0.0174532925199433]],PROJECTION[&amp;quot;Transverse_Mercator&amp;quot;],PARAMETER[&amp;quot;False_Easting&amp;quot;,500000.0],PARAMETER[&amp;quot;False_Northing&amp;quot;,0.0],PARAMETER[&amp;quot;Central_Meridian&amp;quot;,15.0],PARAMETER[&amp;quot;Scale_Factor&amp;quot;,0.9996],PARAMETER[&amp;quot;Latitude_Of_Origin&amp;quot;,0.0],UNIT[&amp;quot;Meter&amp;quot;,1.0],AUTHORITY[&amp;quot;EPSG&amp;quot;,32633]]&lt;/WKT&gt;&lt;XOrigin&gt;-5120900&lt;/XOrigin&gt;&lt;YOrigin&gt;-9998100&lt;/YOrigin&gt;&lt;XYScale&gt;10000&lt;/XYScale&gt;&lt;ZOrigin&gt;0&lt;/ZOrigin&gt;&lt;ZScale&gt;1&lt;/ZScale&gt;&lt;MOrigin&gt;0&lt;/MOrigin&gt;&lt;MScale&gt;1&lt;/MScale&gt;&lt;XYTolerance&gt;0.001&lt;/XYTolerance&gt;&lt;ZTolerance&gt;0.001&lt;/ZTolerance&gt;&lt;MTolerance&gt;0.001&lt;/MTolerance&gt;&lt;HighPrecision&gt;true&lt;/HighPrecision&gt;&lt;WKID&gt;32633&lt;/WKID&gt;&lt;LatestWKID&gt;32633&lt;/LatestWKID&gt;&lt;/ProjectedCoordinateSystem&gt;</peXml></coordRef></DataProperties><SyncDate>20151009</SyncDate><SyncTime>10285300</SyncTime><ModDate>20151009</ModDate><ModTime>10285300</ModTime></Esri><dataIdInfo><envirDesc Sync="TRUE">Microsoft Windows 7 Version 6.1 (Build 7601) Service Pack 1; Esri ArcGIS 10.3.1.4959</envirDesc><dataLang><languageCode value="deu" Sync="TRUE"/><countryCode value="AUT" Sync="TRUE"/></dataLang><idCitation><resTitle Sync="TRUE">bd.BDA.Gem_2016</resTitle><presForm><PresFormCd value="005" Sync="TRUE"/></presForm></idCitation><spatRpType><SpatRepTypCd value="001" Sync="TRUE"/></spatRpType></dataIdInfo><mdLang><languageCode value="deu" Sync="TRUE"/><countryCode value="AUT" Sync="TRUE"/></mdLang><distInfo><distFormat><formatName Sync="TRUE">SDE Feature Class</formatName></distFormat></distInfo><mdHrLv><ScopeCd value="005" Sync="TRUE"/></mdHrLv><mdHrLvName Sync="TRUE">dataset</mdHrLvName><refSysInfo><RefSystem><refSysID><identCode code="32633" Sync="TRUE"/><idCodeSpace Sync="TRUE">EPSG</idCodeSpace><idVersion Sync="TRUE">8.6.2</idVersion></refSysID></RefSystem></refSysInfo><spatRepInfo><VectSpatRep><geometObjs Name="bd.BDA.Gem_2016"><geoObjTyp><GeoObjTypCd value="002" Sync="TRUE"/></geoObjTyp><geoObjCnt Sync="TRUE">0</geoObjCnt></geometObjs><topLvl><TopoLevCd value="001" Sync="TRUE"/></topLvl></VectSpatRep></spatRepInfo><spdoinfo><ptvctinf><esriterm Name="bd.BDA.Gem_2016"><efeatyp Sync="TRUE">Simple</efeatyp><efeageom code="4" Sync="TRUE"/><esritopo Sync="TRUE">FALSE</esritopo><efeacnt Sync="TRUE">0</efeacnt><spindex Sync="TRUE">FALSE</spindex><linrefer Sync="TRUE">FALSE</linrefer></esriterm></ptvctinf></spdoinfo><eainfo><detailed Name="bd.BDA.Gem_2016"><enttyp><enttypl Sync="TRUE">bd.BDA.Gem_2016</enttypl><enttypt Sync="TRUE">Feature Class</enttypt><enttypc Sync="TRUE">0</enttypc></enttyp><attr><attrlabl Sync="TRUE">OBJECTID</attrlabl><attalias Sync="TRUE">OBJECTID</attalias><attrtype Sync="TRUE">OID</attrtype><attwidth Sync="TRUE">4</attwidth><atprecis Sync="TRUE">10</atprecis><attscale Sync="TRUE">0</attscale><attrdef Sync="TRUE">Internal feature number.</attrdef><attrdefs Sync="TRUE">Esri</attrdefs><attrdomv><udom Sync="TRUE">Sequential unique whole numbers that are automatically generated.</udom></attrdomv></attr><attr><attrlabl Sync="TRUE">GEMNR6</attrlabl><attalias Sync="TRUE">GEMNR6</attalias><attrtype Sync="TRUE">String</attrtype><attwidth Sync="TRUE">5</attwidth><atprecis Sync="TRUE">0</atprecis><attscale Sync="TRUE">0</attscale></attr><attr><attrlabl Sync="TRUE">GEMNR</attrlabl><attalias Sync="TRUE">GEMNR</attalias><attrtype Sync="TRUE">String</attrtype><attwidth Sync="TRUE">4</attwidth><atprecis Sync="TRUE">0</atprecis><attscale Sync="TRUE">0</attscale></attr><attr><attrlabl Sync="TRUE">GEMNAM</attrlabl><attalias Sync="TRUE">GEMNAM</attalias><attrtype Sync="TRUE">String</attrtype><attwidth Sync="TRUE">79</attwidth><atprecis Sync="TRUE">0</atprecis><attscale Sync="TRUE">0</attscale></attr><attr><attrlabl Sync="TRUE">GEMNAM_KUR</attrlabl><attalias Sync="TRUE">GEMNAM_KUR</attalias><attrtype Sync="TRUE">String</attrtype><attwidth Sync="TRUE">60</attwidth><atprecis Sync="TRUE">0</atprecis><attscale Sync="TRUE">0</attscale></attr><attr><attrlabl Sync="TRUE">BEZNR6</attrlabl><attalias Sync="TRUE">BEZNR6</attalias><attrtype Sync="TRUE">String</attrtype><attwidth Sync="TRUE">3</attwidth><atprecis Sync="TRUE">0</atprecis><attscale Sync="TRUE">0</attscale></attr><attr><attrlabl Sync="TRUE">GEMNR6_Z</attrlabl><attalias Sync="TRUE">GEMNR6_Z</attalias><attrtype Sync="TRUE">Integer</attrtype><attwidth Sync="TRUE">4</attwidth><atprecis Sync="TRUE">10</atprecis><attscale Sync="TRUE">0</attscale></attr><attr><attrlabl Sync="TRUE">Shape</attrlabl><attalias Sync="TRUE">Shape</attalias><attrtype Sync="TRUE">Geometry</attrtype><attwidth Sync="TRUE">8</attwidth><atprecis Sync="TRUE">0</atprecis><attscale Sync="TRUE">0</attscale><attrdef Sync="TRUE">Feature geometry.</attrdef><attrdefs Sync="TRUE">Esri</attrdefs><attrdomv><udom Sync="TRUE">Coordinates defining the features.</udom></attrdomv></attr><attr><attrlabl Sync="TRUE">Shape.area</attrlabl><attalias Sync="TRUE">Shape.area</attalias><attrtype Sync="TRUE">Double</attrtype><attwidth Sync="TRUE">0</attwidth><atprecis Sync="TRUE">0</atprecis><attscale Sync="TRUE">0</attscale></attr><attr><attrlabl Sync="TRUE">Shape.len</attrlabl><attalias Sync="TRUE">Shape.len</attalias><attrtype Sync="TRUE">Double</attrtype><attwidth Sync="TRUE">0</attwidth><atprecis Sync="TRUE">0</atprecis><attscale Sync="TRUE">0</attscale></attr></detailed></eainfo><mdDateSt Sync="TRUE">20151009</mdDateSt></metadata>
